Model,Accuracy_val,F1_val,Accuracy_test,F1_test
NN_MLP,0.8524590163934426,0.8363636363636363,0.819672131147541,0.819672131147541
