Model,Accuracy_val,F1_val,Accuracy_test,F1_test
NN_MLP,0.9016393442622951,0.8846153846153846,0.8524590163934426,0.847457627118644
