Model,MAE_val,RMSE_val,MAE_test,RMSE_test
LinearRegression,15.307126747627752,19.227486658000803,15.294359494974683,20.23575094287139
DecisionTreeRegressor,19.18032786885246,24.188467649132196,19.59016393442623,24.21386948444705
