Model,MAE_val,RMSE_val,MAE_test,RMSE_test
LinearRegression (classical),14.97035801016846,18.652952627689388,15.674477912747788,20.3302709935809
NN_MLP,14.100052,18.165821,15.424686,19.874414
