Model,Accuracy_val,F1_val,Accuracy_test,F1_test
LogisticRegression (classical),0.819672131147541,0.8,0.8688524590163934,0.8666666666666667
NN_MLP,0.8524590163934426,0.8363636363636363,0.819672131147541,0.819672131147541
