Model,MAE_val,RMSE_val,MAE_test,RMSE_test
LinearRegression (classical),15.307126747627752,19.227486658000803,15.294359494974683,20.23575094287139
NN_MLP,14.439499,18.408089,15.317219,20.097593
